id,text,label,label_text
43861,"Фактически синей блузы после оплаты у продавца не оказалось. Поэтому пришлось долго ждать, пока она появилась, хотя в рекламе продавца она была. Качество оставляет желать лучшего, очень много торчащих ниток. Швы неаккуратно. А самое главное - неаккуратно пришить рюша на кокетка, все морщится, а шов на рюше спереди, на самом видном месте и это очень портит весь вид. Товаром не довольна и разочарована его качеством",1,neutral
36234,"майка конечно клевая , по отзывам заказала L. но оказалась мала (( за это снижаю оценку .... а качество хорошее тем более за такую цену",1,neutral
58602,"МЕГА быстрая доставка моих покупочек у этого продавца, чего я совсем не ожидала, но очень меня обрадовало. Теперь по качеству: цвет яркий, насыщенный, после стирки не полинял. Ткань приятная на ощупь, а самое главное к телу. На ночнушка имеется кружево, оно тоже мягкое, дискомфорта не вызывает. Размер подошёл на все 100%, значит замеры в размерной таблице правильные. Внешне ночнушка смотрится дорого и богато, чего я совсем не ожидала заплатив за неё символическую цену в 217 руб. Однозначно, покупка стоит потраченных денег. Если вы ищете ночную сорочку из качественной ткани, красивую и в которой вам будет комфортно, то эта именно то, что вы ищите. Покупайте не пожалеете. Я однозначно куплю ещё в другом цвете.",2,positive
45393,комментарий уже дан в изделии другого цвета,1,neutral
19921,"В первый раз сталкиваюсь с тем,что товар мне так и не отправили. Открыла спор, должны вернуть деньги. Прошло уже 2 недели,а денег так и нет. Продавцу писала три раза, он не отвечает...",0,negative
5705,"Продавец совершенно не понравился, спрашивала придёт ли платье до нового года( так как планировали в нем фотосессию) сказал да конечно, в итоге пришло после нг да ещё и рваное. Предлагала продавцу что бы вернул часть денег, он естественно отказался, алиэкспрес вернул полную сумму. Качество ужасное, только выкинуть. Не тратьте деньги.",0,negative
74000,"Hello Friend! Order received. Very fast! Many thanks! Sincerely, Alexander Nikolayev.",2,positive
6103,пришли почему то не чёрные а коричневые,0,negative
35325,"мятые, были плохо упакованы в обычный пакет.",1,neutral
22161,"Заказывала 2 раза здесь. Первый раз пришла кофточка, мне понравилось, в отзывах есть мой 1-й отзыв на отлично. Заказала 2-й раз. Ни товара, ни денег.",0,negative
75585,"Ехали месяц. Качество хорошее, размерная сетка соответствует. Рекомендую.",2,positive
10666,"Крошечный размер, запАха абсолютно нет, только как накидка. Ткань не приятная, пояс бумажный, как и ворот у халата. Трусики просто смешные.",0,negative
6636,один единственный плюс товар пришёл очень быстро . но он короткий в длине не так как на фото. один карман совсем маленький другой нормальный.нитки везде торчат. краска выходит на одежду . ткань тонкая синтетика. свою цену не оправдывает. огорчена впервые здесь.,0,negative
58823,"заказ получила быстро- за две недели из Китая. Качество среднее- синтетика липнет к телу. При стирке красится. Но я заказывала с купоном на 5$, поэтому за 200 рублей просто супер.",2,positive
53724,Заказал по распродаже. Хотел сделать сюрприз жене. Ждали долго. Посылка была отправлена быстро но без отслеживания. По истечению срока защиты открыл спор. Продавец предложил еще подождать. Я отказался. Деньги вернули быстро. Я расстроен.,1,neutral
64343,получила быстро. для зимы замечательно подойдет. на 44 размер заказывала L,2,positive
75563,"качество отличное на мой 52 руский драла xl ,подошли посылка пришла раньше заявленого срока",2,positive
581,"Доставка больше трёх месяцев,чашка маломерка, и как помне полная ерунда,бесполезная вещь,неприятный запах,плохо прилипает,не довольна товаром и доставкой так же.",0,negative
15990,заказ так и не был получен.продавец дважды продлевать время отслеживание.а итоге при продлении обязательно забудешь.некомендую покупать товар здесь,0,negative
44977,"голимая синтетика, очень тонкая ткань.",1,neutral
2203,"Неровные строчки, разная по цветовой гамме ткань, торчат нитки.",0,negative
13125,"Заказ собирали насколько помню больше недели, 2 товара в итоге пришло, майка нет. Открыла спор, продавец даже не ответил",0,negative
33011,"Запаха от изделия не было, строчки ровные, нитки не торчат. Но: товар не вполне соответствует тому, что на фотографии, материал оказался на деле дешевле, размер впритык. Если носите 46, то лучше брать L, а может и XL, тогда и смотреться будет лучше (по размеру: маломерка). А так товар пришел быстро, к этому вопросов нет.",1,neutral
66696,"Идеально!обхват груди 88,рост 173",2,positive
4670,"очень не небрежно сшито, по швам дырки и по шву на вороте не обметано,вообщем так себе, халтура. в целом материя и фасон приятен телу.",0,negative
43126,"размер великоват,цвет темнее,чем на фото.",1,neutral
79110,"Платье синтетика, но очень приятное. На размер 46-48 3хl самое оно.",2,positive
42472,"Стразы почти все отлетели сразу, а так блуза по качеству подходит по описанию. На 44 размер брала XL, чуть великовата. Пришла за 2 недели.",1,neutral
4769,"транспортная доставка CDEK ужасная,посылки теряет и поэтому долго шел заказ",0,negative
62091,"Все хорошо, единственное слишком узкая в талии ( 77см у меня). Придется удлинить резинку.",2,positive
72851,"Шорты классные, яркие, на фото получилось блекло(. на размер 44 в самый раз, качество очень хорошее, хлопок.",2,positive
53103,Качество так себе. Краска быстро слезет и будут затрёпанные.,1,neutral
30505,"Выбирала по отзывам, прям пишут супер пижама... мягкая, удобная..На мои 62 кг, размер XL был мал, брюки модно одевать задом наперёд, потому что не понятно где что... Сам материал тоненький, мне на год хватит. Но качество могло быть и лучше.",1,neutral
66580,"Добрый день,товаром дочь очень довольна. При росте 158 подошёл идеально! Все хорошо сделано, все швы прошиты,нитки не торчат.Спасибо за быструю доставку",2,positive
14475,I didn't want this order anymore but seller shipped me it anyway and didn't listened to me,0,negative
66912,"Платье прекрасное, ткань очень приятная к телу! Я довольна! Спасибо",2,positive
3108,Качество ужасное!!,0,negative
3199,"какой не добросовестный продавец. советовал мне на мои поряметры тот размер , котрорый в результате оказался мне мал. не советую данный товар. качество оставляет желать лучшего. бретели сделаны из колючих резинок. не комфотно спать в такой будет. сожалею что связалась с этим продавом и магазином.",0,negative
69159,"Заказала 13 сент, 28-го пришло в Самару. Приятная рубашка, мягкая, сшита нормально. Правда, пуговицы на красно-чёрной рубашке пришиты белыми нитками ))) относительно размера - заказала 2xl, на 48 размер впритык, хотелось бы даже чуточку посвободнее в груди.",2,positive
39730,"Водолазочка тёплая и приятная к телу, но коротковата, рукава короткие на рос 42-44, и у меня с одной стороны маленькие дырочки, которых на другом плече нет, спереди и со спинки она одинаковая. Доставка быстрая",1,neutral
7922,"пуговица держится «на соплях», выглядит как рабочая рубашка. материал вроде натуральный... Не знаю, ожидала другого. посмотрим как носиться будет",0,negative
53887,"Это тонкая футболка с пришитой внизу яркой оборкой синтетической ткани. Ожидала большего. Размерная сетка соответствует, даже с не большим запасом. Продавец нормальный. Трек отслеживался.",1,neutral
63613,"платье из тонкого рубашечного материала приятное на ощупь сама неправильно указала размер начитавшись отзывов .в общем в него поместитась носить буду, у меня живота нет, но можно было заказать на размер побольше на российский 46 надо заказывать L чтобы Было как на картинке.платье стройнит. продавцу процветания!",2,positive
14415,"23 октября я оформила заказ. 29 октября продавец его отправляет. Трек отслеживался полностью. Периодически проверяла где находится мой товар и тут BINGO: товар уже прибыл на мое почтовое отделение. Я соответственно пошла ее (посылку) забирать. И тут началось самое интересное. При получении моей долгожданной блузки я вижу что мне отдают пакет 20 см *10 см. Я естественно удивилась и прям на почте начала вскрывать пакет: там находились: поздравительная открытка на разных языках (включая русский) и какой то непонятный сувенир. В этот же день я написала сообщение продавцу и он меня заверил, что в скором времени мне придет мой товар и все будет ОК и продляет защиту еще на 30 дней. 05.12 мне приходит сообщение от продавца, что мой товар пришел ОБРАТНО В КИТАЙ и просит опять подождать. Я открываю спор. 09.12 служба сайта закрывает мой спор ссылаясь на то, что я товар уже получила. И вот не знаю придет мне моя блузка или нет. Если блузка мне все-таки придет - напишу доп. отзыв.",0,negative
62411,товар пришел. качество хорошее. все понравилось. хороший продавец.,2,positive
73931,"Нормальная юбочка. Мужу понравилась, но широковата в бедрах.",2,positive
14890,"5ХХХL маленький, не соответствует размерам. Выглядит как на фото. Тепленький.",0,negative
66733,и снова СПАСИБО!!! Это третье изделие заказанное в этом магазине . Все на высоте .СПАСИБО,2,positive
39139,"Вот если честно, не знаю, как оценить заказ. Брюки были для мамы. Она хотела черные. А пришли синие. они хорошие, классные, но синие!!! мне было бы классно такой цвет , но у меня размер гораздо меньше. мама расстроена. на фото мои черные, которые тут же заказывала, и мамины эти...",1,neutral
35806,"Колготки неплохие, но продавец невнимательно относится к заказам - вместо одной двух пар прислали только одну. Обманывают, берут деньги за доставку, а не докладывают товар. Так что доставка на каждую пару оплачивается. Будьте внимательны!",1,neutral
33786,"Свитер яркий, как на картинке. Размер не соответствует описанию. S как 50-52размер. Не приятный запах. С продавцом не общалась.",1,neutral
18505,труселя не пришли((,0,negative
79868,"доставка в Крым чуть больше месяца, свитерок просто чудо, очень довольна, продавцу огромное спасибо",2,positive
58723,"Рукава без манжет и странная кулиска, но куртка очень теплая и за такие деньги вообще класс.",2,positive
20156,Отправили большую сетку хотя заказывала маленькую. Очень обидно.,0,negative
77171,"Единый размер. думаю максимум на S и M, не больше. свитер мягкий, цвет соответствует, пришёл в установленные срок. единственное что не понравилось - это ниточки, торчащие на вороте свитера, не знаю что с ними делать. весь вид портят.",2,positive
76213,"Мой рост 172. Параметры 92-64-94, Пальто размера М село отлично. Благородный красный цвет. Хорошая ткань , смотрится дорого. Пришло за 12 дней в Москву )",2,positive
31456,"Трусы не плохие ,но две шт. из пяти не соответствуют заказанным (замена расцветки на худшию),одни из них большего размера,мне велики ,остальные на о.б. 98 сели хорошо.",1,neutral
41001,Никакой это не свитер тонкая синтетика и на ощупь не пойми чего,1,neutral
35394,"качевство все ок,но на взртслой голове смотрится стремно,не суразно,шапка больше на детей до 13 лет",1,neutral
15342,вообще не соответсвует фото. ткань типа футболочной. края не обработаны. нитки болтаются. просто ужас. фотография совсем другой вещи. вместо бахрамешек - куски обрезанной ткани. выбрашенные деньги.,0,negative
5260,"Цвет какой то грязно-желтый, на воротнике затяжки.",0,negative
75411,"Свитерок хороший, пошит аккуратно. Воротник сверху отстёгивается, что очень удобно. Материал приятный, но лучше носить на блузку.",2,positive
12735,"Пришло с браком, кривой воротник",0,negative
76069,Хорошие майки,2,positive
52148,"Очень приятный материал,НО ЦВЕТ ОТЛИЧАЕТСЯ СИЛЬНО, на фото он более сочный! Свитер пришел с 2 пятнами и одной дыркой (((((( БУДУ ПЫТАТЬСЯ ИСПРАВИТЬ!",1,neutral
45525,"Неплохие в целом, но шов штанин и кокетка в лосинах состыкованы не ровно. В икрах как нужно, а в бёдрах и талии великоваты. Лучше на размер меньше взять.",1,neutral
18344,К сожалению ничего не получила. Не знаю потерялась ли где-то в пути или что-то еще... Продавец вернул деньги. Спасибо!,0,negative
6452,"долго шёл, не влезла((",0,negative
33556,"На верх 44 рос р-р большой, чистая синтетика, жаль денег, в жизни не купила бы",1,neutral
79260,"Качество нормальное,но топ оказался очень короткий(((",2,positive
71861,"Большой и теплый.. Оооочень большой и теплый. В общем на мне оказался как то слишком большой) в целом неплохо, но своеобразно",2,positive
66461,"Брала сестре,на рост 165 в самый раз.все хорошо,кроме запаха даже после стирки остался.Спасибо за подарок.",2,positive
78543,"костюм качество нормальное , но очень тоненький",2,positive
41254,Качество хорошее. Заказывал 2xl размер очень маленький на наш 44размер.,1,neutral
65076,"Куртка классная, тёплая. За такие деньги вообще подарок!!! Четыре кармана- два в швах, два на груди... Спасибо!!! Пришла за девять дней в Москву.",2,positive
8572,"Не пришли, хоть и продавец продлевал защиту. Открыла спор, неделю назад точно, деньги не вернули",0,negative
20425,"заказ шел месяц.Лосины очень тонкие.На мой рост 158 длинные , объем бедер 86 широкие.заказывала размер s.вообщем ожидала большего,очень расстроена .",0,negative
70807,"отличный свитшот, мне очень понравился. хорошее качество, принт плотный, думаю продержится побольше, продавец молодец!!!",2,positive
9443,"качество жорошее, но порезы ужасные, как будто просто ножом порезали, нитки торчат, ткань распускается, лучше бы вообще не резали были бы отличные брюки. Открыла спор на возврат товара и денежных средств, решение было вернуть деньги, уже прошло 20 дней денег так и нет!!!!",0,negative
6555,Заказ не пришёл продавец не отвечает .,0,negative
18795,"Ткань-полная фигня.какая-то хлипенькая и неприятная к телу! Думаю,что долго не прослужит",0,negative
23948,"Вместо заказанного размера М пришла футболка размером S( печально , а так классная футболка",0,negative
72045,"Спасибо продавцу! Вещь хорошего качества, посылка пришла за месяц. На 167- 84-65-90 заказала размер xs.",2,positive
6816,"я не получила товар,прошло 2.5 месяца.Продавец пишет,что все отпрпвил.",0,negative
75758,"джинсы супер! На российский 42-44 заказала размер М-немного большие,но не критично. Джинсы как на картинке,пришли за 10 дней до Чебоксар. продавца рекомендую.",2,positive
68487,заказала 24 сентября пришел 10 октября качество отличное нитки не торчат все прекрасно подошло,2,positive
46918,"Размер xl на 46-48 Верх идеально сидит, низ широковат. Кофта говно! верх противная, неприятная на ощуп синтетика, внутри ещё нормальная.... Тонкая! На позднюю весну или раннюю осень! Смотрится неплохо. Этих денег не стоит! Не советую.",1,neutral
48385,заказала розовое пришло савсем не розовое но быстро дошло,1,neutral
4844,"все очень плохо ,вещь не пришла,деньги не вернули,продавец не хотел общаться,короче не заказывайте здесь",0,negative
5660,"заказывал два платья, но отправили сразу только одно. про второе сообщили, что временно отсутствует и будет направлено позже. в итоге пришло одно платье, а вот это так и не дошло. пришлось открывать спор. деньги вернули.",0,negative
11661,"Прислали не мой размер,хотя заказывала по таблице,жаль",0,negative
72864,"хороший свиншот , теплый . удобный .5)) на мой рост 152-s влетела , отлично . спасибо доставка оочень быстрая. в Новоаннинский р-н",2,positive
21864,"просто кошмар !!!! товар не пришёл , хотя я его заказала в апреле 2017 года когда я решила вернуть. деньги , там уже было написано , будто бы я подтвердила получение , хотя это не так , так как шорты не пришли",0,negative
37738,Товар шел больше 2х месяцев. Так и не дошел. Открыла спор. В течении дня деньги вернули.,1,neutral
6579,"Ужаснее продавца я не встречала!!! Качество плохое!!! Пальто не зимнее, не пуховое!!! Пальто не соответствует не описанию, не качеству!!!",0,negative
64294,"На свои 86-64-89 заказала S, вроде ни где не жмёт , но думаю М было бы лучше, и талия пониже и рукава подлиннее , а так вроде все по плечам сидит, дополню рукава и низ ажурной лентой, а то как то дешёвенько смотрятся края !",2,positive
49936,на картинке конечно все выглядит гораздо лучше. по факту - одна синтетика. рукава жёсткая колючая органза. очень короткие даже по китайским меркам. один цветок не до конца пришит и просто болтается. не знаю буду ли вообще носить эту рубашку. зато доставка мега быстрая,1,neutral
59203,"хорошая юбка,цвет светлее чем на фото,тянется,на свой ОБ 110, ОТ95 одела,верх конечно втритык,но длина хорошая 85,сшито хорошо,без дефектов,дошло за 14 дней,трек отслеживался,с продавцом не общалась,за большой заказ наверное положили подарок цепочку с кулончиком,спасибо",2,positive
20268,"Очень редовольна этим товаром! Свитшот маломерит сильно. Ткань резинка. На мой 40 xs,она в облипочку!!!! Ужасное качество. Шнурки как на кроссовках . Из 100/1 балл.",0,negative
20057,"Это ужас какой то, заказывала две разный цветом одинаковым размером, одна нормальная пришла другая фигня какая то, широкие плечи как на мужика кочка, весит мешком(((((",0,negative
40705,"Очень долго ехала посылочка.Трусики запачканые. Конечно всё равно бы постирала, но вдруг бы загрязнение не отстиралось. Качество хорошее.",1,neutral
19254,"Платье пока не мерила, но заказывала вязаное платье как написано у покупателя. А пришло платье тонкая синтетика.....нахрена писать ""вязаное""?",0,negative
37300,Совершенно не соответствует описанию,1,neutral
8374,Заказ так и не отправили. Продавец не общается. Деньги не вернул.,0,negative
80625,Материал и качество хорошее. По размеру.,2,positive
13078,Кофта очень маленькая. У меня обхват груди 100 см в описании товара написано на обхват груди 110. мне эта кофта совершенно не налезла. Она на ребенка. на фото моя кофта с низу а ваша с верху. поэтому вы ввели меня в заблуждение и я требую всю сумму.,0,negative
51608,"К материалу нет притензий, Но на спине полоска ткани идёт криво!",1,neutral
50367,"Бежевое пальто оказалось с оттенком розового. Не совсем то, чего ожидалось. Khaki not the colour of the foto it is more rose",1,neutral
47996,"Заказывала зимние брюки, а прислали тонкие, хотя цена были разная.",1,neutral
80237,"Заказала 14 июля, в Уфу пришла 3 августа. Всё как в описании, по качеству нормальная, в местных магазинах за такую можно и 1000 рублей отдать! Трек не отслеживался.",2,positive
76519,"Качество нормальное! Есть кое -где торчащие ниточки. но не критично! Долго шел, трек не отслеживался, даже открывала спор,но закрыла по просьбе продавца! А сегодня получила свой топик!",2,positive
70195,"Скорость доставки 5. Качество ткани и пошива 5. Но маломерит, носить не смогу. На грудь 103 , размер xl маловат.",2,positive
33981,"пришла, красивая, все как просила, продавец общительный, но уже через неделю поползла по швам, хотя берегу, вешаю только на плечики в машине стараюсь не тянуть, расстроена(((",1,neutral
31748,Пальто шло очень долго (основная причина продавец долго 3 недели отправлял) пришло в мелких пятнах и нитки торчат. А еще пальто очень холодное ....жаль,1,neutral
36687,"За такие деньги можно и джинсу прислать,пришли колготы плотные",1,neutral
47909,"Вязка плотная. Есть дефекты пряжи в виде крупных точек контрастного цвета - пришлось вытягивать крючком на изнанку. На российский 46 рост 175 размер L по плечам хорошо, но рукава короткие. Видимо, вся длина ушла в воротник - он очень длинный. Выглядит свитер сильно проще, чем на фото. Скорее, на прогулки в лес и на дачу.",1,neutral
75703,"Прекрасного качества кофта! Заказала для мамы и она оказалась идеальна. Очень тёплая, мягкая, нашивки хорошего качества и сама вещь супер-милая.",2,positive
79126,"Кофта очень хорошая,мягкая теплая. Качество на высоте. Никаких дефектов не было. На рост 160 см. и вес 37,5 кг. подошло,но немного широковато внизу. Доставка до Тюмени заняла 7 дней. Рекомендую!",2,positive
37373,"Цвет совершенно не соответствует заявленному на фото продавца. Качество хорошее, буду носить. Отдельное ""спасибо"" Почте России, посылка прошла 6 городов прежде, чем прилететь в Краснодар, дебилы блин.",1,neutral
5256,Брак на ткани,0,negative
73090,"Четкий принт, приятный цвет! Покупала в подарок парню, пока не знаю подошло ли, но думаю, будет нормально",2,positive
73753,"Приятного качества, но тоненькие. Для занятий отлично",2,positive
71793,Хорошее пальто. Спасибо продавцу за быструю доставку. Взяли ребёнку 13 лет М- 160/84,2,positive
62105,вполне приличная вещь,2,positive
1514,"Качество совсем не такое как на картинке в описании! Какая-то дешёвая тряпица! К тому же на мой ххл с вторым размером груди грудь не закрывает вообще! На груди две тонкие полоски кружева, которые едва прикрывают сосок!",0,negative
79204,"пришла примерно за месяц, картинке полностью соответствует, размер xl примерно на российский 48-50. тоненькая, приятная на ощупь ткань. для теплых летних вечеров самое то)",2,positive
4582,"Не связывайтесь с этим магазином. Заказ не отправили, а мозги пудрили четыре месяца.",0,negative
10475,"Описание не соответствует. На самом деле длина 60, рукава 59 Через спор вернула деньги",0,negative
17798,"джинсы в целом хорошие, но на талию 60, 24 размер малы",0,negative
43061,на свой размер. l в оптяг xl у этого продавца надо брать на 2 размера больше ралут что качестве во нормальное,1,neutral
24229,"Не соответствует картинке, буквы не такие, сама кофта не длинная, ткань - синтетика, выглядит дёшево и своих денег не стоит!",0,negative
14212,"Ткань очень тонкая , почти прозрачная ! Видно нижнее белье",0,negative
30744,"Леги красивые, но есть не состыковки принта и одна штанина длиннее другой, отнесли в отелье подшивать",1,neutral
15072,"Эта футболка по качеству лучше, но рисунок очень нечеткий",0,negative
44500,"Плохое качество. Пришли с дырой и пуговица отвалилась сразу. Продавец вернул деньги полюбовно, за что спасибо! Очень тонкие и очень сильно тянутся. Думала что не налезут, а в итоге даже кажется что большие.",1,neutral
63124,"Неприятно только то, что нитки торчат! А так блуза хорошая",2,positive
38164,"Платье неплохое , пришло очень быстро , но просвечивается и к сожалению пришло с дыркой. Расстроилась",1,neutral
1343,"Чашка очень маленькая, далеко не Е, отсилы С. Посылка шла очень долго,заказ был 11.11, пришло 10.01",0,negative
79015,"Хороший продавец.Все по размеру.Дошло быстро, до Волгограда за 2 недели .5555555555 звёзд",2,positive
19741,"НЕ СОВЕТУЮ ЗАКАЗЫВАТЬ. ВЕЩЬ НЕ ПРИШЛА, ТАК МНЕ ЕЩЁ И ОТКАЗЫВАЮТ В ВОЗВРАТЕ СРЕДСТВ. ПРИ ЗАКАЗЕ ЭТИХ ЖЕ ДЖИНС В ПЕРВЫЙ РАЗ ОНИ ОШИБЛИСЬ С ЦВЕТОМ, НО Я ПРОМОЛЧАЛА, Т.К ТЁМНО-СИНИЙ ТОЖЕ МНЕ ПОДОШЁЛ. НО СЕЙЧАС ЭТО УЖЕ ПЕРЕБОР. УЖАСНОЕ ОБСЛУЖИВАНИЕ.",0,negative
53217,большеваты в талии,1,neutral
73284,"Отличная кофта, очень мягкая, подошла замечательно, сидит идеально, возможно кому то может показаться что немного коротковата. Имеются бирочки. рекомендую однозначно! доставка за 2 недели!",2,positive
17216,"Поначалу все складывалось удачно - продавец помог определиться с размером и надо сказать правильно, но пуховик пришел с браком - выгоревшее на солнце пятно по линии шва. Пообещал вернуть деньги, правда не сказал сколько, долго просил меня изменить причину спора то на одну, то на другую. В итоге компенсацию мне выплатила администрация сайта 1000 рублей с копейками, лично от продавца ничего. Видно, он специально тянул время ожидая решения владельцев сайта. Ну что ж, придется потерпеть, отходить эту зиму, а на следующий год опять искать новый пуховик, но уже скорее всего в реале(",0,negative
17897,Товар в течении двух недель не отправили. Вернули деньги,0,negative
66749,"все сказано многими покупателями. прекрасная модель. прекрасный пошив. тонкая....на позднюю весну холодное лето...размер ХЛ на 48-50 русский , бедра 106 свободный, но впору...незнаю надо ли меньше или нет...доставка быстря...спасибо продавцу. заказанной модели не было в наличии- попросила другую модель...без вопросов выстал похожий вариант....так что все супер☺☺☺",2,positive
48230,"платье неплохое,описание точное, цвет полностью совпадает,с продавцом не общалась, заказ сделала 28.11, получила 19.12, впринцепе быстро,была бы довольна посылкой если бы не омрачил достаточно заметный брак,расстроило сильно(((( и на самом видном месте...хотела заказать еще зеленое,теперь даже и не знаю..а стоит ли..вдруг такое же придет..",1,neutral
61092,"Отличный товар ! Отличный продавец ! Супер доставка ! На бедра 92 размер М подошел идеально !В них комфортно находится в помещении, ноги не преют, как во всех остальных легинцах которые у меня были с Али. К тому же они реально греют на улице. Был небольшой запах, но после стирки ушел .Я давольна как слон !!! Спасибо !",2,positive
75781,Очень крутой гольф в желтом цвете! Я влюблена! Ссылка на обзор: https://m.itao.com/item/10005801216804,2,positive
52382,"Очень долгая доставка. Посылка пришла на другое почтовое отделение. Ткань приятная к телу. А вот качество пошива ужасное. Швы не ровные, нитки торчат, пройма сильно сборит. Одеть можно только под пиджак. Поэтому только троечка и то с натягом.",1,neutral
40951,"Надпись на спине совсем другая. На ярлыке 35% синтетика, 65% хлопок, но в лучшем случае наоборот. Выглядит не так интересно, как на фото продавца :(",1,neutral
39510,цвет не такой яркий как на фото.вернее вообще не такой,1,neutral
35586,Цвет на много темнее чем я заказывала.,1,neutral
67595,"на 48 размер заказала XL, по размеру, очень приятно к телу, ткань тянется, мне очень понравились, в подарок резинка для волос, рекомендую.",2,positive
47857,хрен доехали 4 месяца ждал,1,neutral
51274,"на рос.40 размер s в груди и в талии велико, в бедрах мало ((",1,neutral
53703,Пришло платье с дыркой!,1,neutral
41328,"Отзывы, конечно, читала, но ТАКОГО ужасного качества не ожидала( Такое ощущение, что резинки на горловину и низ пришили от 60-го размера, или носил кто-то большой и растянул всё. Последний раз заказываю одежду, уж лучше в магазине, где можно увидеть и пощупать.",1,neutral
47791,"Спереди норм, но сзади - висит как ночная рубашка. Дёшево смотрится, но за такую цену оно и понятно.",1,neutral
31397,"Продавец довольно долго сначала не отправлял товар. Так же, сама доставка товара была ну оооочень долгой (защита заказа уже истекла). Сегодня забрала блузку. Когда открыла, в нос ударил резкий неприятный запах (как сказала моя подруга: ""Это Китай, детка""). Очень хотела примерить, потому заткнув нос надела я её на себя. Рукава оказались короткими. Расстроена...",1,neutral
81540,"Товар получила другого размера,но продавец моментально ответил и предложил выслать то,что было заказано.Ставлю отлично за качество товара, за отзывчивость без нервотрёпки!!!Деньги вернули в течении нескольких часов.Рекомендую!",2,positive
77513,Спасибо продавцу),2,positive
69408,"Юбочка пришла за 12 дне, просто космическая доставка. Качество хорошая. Только с размером прогадала( А так замечательная, позже еще возьму",2,positive
81659,"Легинсы супер, размер подошёл идеально, ничего не перетягивает, швы ровные, в каких то местах свободные, не просвечивают. Кто носит М тоже можете брать s и не боятся что будут маленькие",2,positive
66475,"Кофточка приятна к телу, рукава коротковаты. В подарок положили резиночку, приятно)",2,positive
3449,"Сделала заказ 08.08.17 товар не пришёл, деньги не вернули!",0,negative
4156,"к сожалению до меня футболка так и не дошла ,но продавец деньги вернул",0,negative
31238,"Шёл 2 месяца до Москвы,сраный СДЭК.Уши и капюшон слишком маленькие,рукава короткие очень,брала на свой s(вес 50,рост 175) размер L,коротко все и не казисто.Заказывала на мероприятие,шла посылка долго,в итоге оказался не нужен,вот и заказывай за 2 месяца вперёд:(Но если очень нравится-закалывайте,в рашке он вам в 1800 минимум обойдётся.",1,neutral
5285,Размер не соответствует . Xxxxl равен xxl,0,negative
74770,"Платье замечательное, запаха нет, строчки ровные, доставка быстрая, ткань мягкая, рекомендую, На мой 44.5 размер сел идеально, длина чуть выше колена",2,positive
38703,"Кардиган оказался с капюшоном, а так супер.",1,neutral
40269,Товар пришел быстро. Швы не проглажены. А в основном всё хорошо.,1,neutral
10435,"Заказала 28 03 2017 ждала до 02 08 2017. Это очень долго! Спасибо Алиэкспресс,что вернули деньги!",0,negative
66795,классные лосины!!! все как в описании. доставка около месяца. в подарок бриллок положили. спасибо продавцу!,2,positive
64293,"Заказывала у этого продавца два кардигана.Пришёл один синтетика и ужасно электролизуется-это чёрный.Второй поплотнее и приятней к телу-бирюза.И на этикетках разные фирмы,хотя продавец один.Заказывала 2 в один и тот же день,один пришёл на два дня позже.",2,positive
74333,пришло как обещано. Иркутская обоасть.Качество хорошее.На бедра 92 размер S идеально,2,positive
63518,Супер..пришла за 3 недели,2,positive
63114,"Цвет намного красивее чем на фото продавца! Хорошо тянутся материал очень приятный, доставка быстрая трек отслеживался",2,positive
78921,"Отличное платье, ткань тянется и приятная телу, только на мой рост (168) коротковато, придётся подрезать до колена, а так все соответствует",2,positive
12044,размер не соответствует! xxl только на 44-46 российский,0,negative
62098,Заказывала M на 46 российский размер.не угадала.тесная оказалась.придется отдать дочке.у нее 42 ей нормально,2,positive
73930,"все хорошо, только продавец долго отправлял, на рост 168 ог 90, от 70, об 98 все отлично, рукава не короткие. хлопок чувствуется!!!",2,positive
33836,"Ткань хорошая,сшито неплохо,но из-за плотности ткани получился Очень толстый пояс,надевать придется только с верхом навыпуск.Резинка вставлена на меньший размер,вся перекручена.Пришлось переделывать.",1,neutral
12201,"не советую продавца , заказ так и не пришел , деньги вернула только через али , продавец продлял защиту 4 месяца , деньги отказался возвращать .",0,negative
69273,Доставка 3 недели в Адыгею.Блузка понравилась.Запаха нет.Сшита аккуратно.Размер соответствует.Рекомендую товар и продавца.,2,positive
62604,"за эти деньги прям супер, с внутренней стороны тоненький утеплитель, ещё и подарочек резиночка, спасибо огромное продавцу",2,positive
73301,"Носки хорошие, на длину стопы 24,5 в самый притык, доставка быстрая. Продавца рекомендую!!!",2,positive
51776,качество хорошее но с размером он маломерит я брала 5хL в итоге в плечах много в груди мала в талии подошло. модель приталина. выточка на грудь вертикальная длинная и сзади выточка вертикальная.,1,neutral
43285,"Мне пришел один чулок с дыркой . И вообще сидят они плохо , не смотря на то что у меня размер 42 . Как колбаса в сетку .",1,neutral
65777,"Товар пришёл,все по размеру",2,positive
19198,"Очень плохо . Материалы не полиэстер , синтетика и похоже подкладка.а дизайн хорошо",0,negative
58812,Отличная блузка.,2,positive
15963,"Товар не получила, по отслеживанию потерялся в пути. Но продавец сразу вернул деньги, поэтому можно доверять. Возможно, закажу повторно.",0,negative
23595,"Ничего не пришло! И срок истек не успела, спор открыть",0,negative
76223,"Воротник чем-то перепачкан, надеюсь, что отстирается. Но одна звезда - минус.",2,positive
10971,Ужасное качество. Размер прислали меньше,0,negative
49366,Рукава узкие...,1,neutral
81438,"Понравилась, веселая. После стирки все отлично. Размер соответствует. На мой 42, села хорошо, даже чуть свободно.",2,positive
79850,"спасибо продавцу, на 106,, 96 ,,112, не мало и не велико, как люблю",2,positive
31871,"Пришло не то.что я заказывала. Рисунок не тот! Надо было с бабочками,а прислали с розами. Если не было с бабочками.то почему продавец не связался со мной????",1,neutral
35037,размер не тот прислали,1,neutral
32498,Сплошная синтетика,1,neutral
64411,"Это второй мой заказ,две шапочки,они классные,отправка быстрая,доставка тоже.Рекомендую.Только при получении пакет был поврежден,но это вина нашей почты думаю.Продавцам пакеты бы поплотнее....",2,positive
42598,заказ так и не пришел жалко продавец деньги вернул,1,neutral
13824,"Качество так себе, по размеру не подошли (короткие) и тянутся только в одну сторону,так то так(( как говорится оживание и реальность!",0,negative
61830,"Хорошие трусики,но пришли с небольшим пятнышком.",2,positive
11789,"Ужасные лосины!В них не возможно ходить,перетягивают с такой силой,что ноги расставить нельзя!При том что я очень худенькая и ношу размер S заказала М,еле натянула!Не советую!Пустая трата денег!",0,negative
65948,"Отличный товар. Курточка села идеально. Пошив качественный, нигде ничего не торчит. Продавцу огромное спасибо!",2,positive
37131,"Заказ пришел достаточно быстро относительно других моих заказов (около 2-3 недель). Так что по доставки претензий нет совершенно. Порадовал цвет, очень приятный на самом деле. Но качество оставляет желать лучшего. Кофта колючая, на горле неаккуратные швы. На фотографии кофта немного подвернута я так понимаю, ибо она куда длинее чем кажется. Девушкам с размером XS - S лучше не заказывать, размер больше обойдет на M или же L.",1,neutral
61400,"Пришло до Тюмени за 20 дней, бюстик супер конечно но пахнут жутко.",2,positive
1785,качество ужасное конечно понятно почему такие копейки стоит!,0,negative
7026,"ждала два месяца, маленькая пришла.",0,negative
63461,"Хорошее качество. Мягкий. За 666.79 руб буду еще покупать. Чисто белый. Но, думаю, пиллинг будет.",2,positive
70743,"очень порадовало качество, ткань плотная приятная вышивка хорошая, только размер большеват, и доставка быстрая 2 недели",2,positive
80506,"Отличный бюстгальтер,качество хорошее клеется крепко,довольна",2,positive
64580,"Соответствует описанию. Рисунок очень яркий (надеюсь переживет стирку, хотя создается впечатление, что нет...)",2,positive
2629,"Не знаю, какой там ""единый размер"", но на 162 см рост и 51 кг они велики. Просто огромные! У продавца по рпзмерам информации ноль. Дочь носить не может, велики. Вот и верь после этого отзывам...",0,negative
5343,"материал синтетика, хотя в описании х/б, продавец включил тупого, пытается нажать на жалость, не рекомендую",0,negative
16719,"Заказала куртку 11.11. Получила через 2 недели.... И жестко разочаровалась! Магазин позиционирует себя как бренд Newear, однако я получила куртку бренда H&M. И всё бы ничего, НО качество ткани ужасное, настолько ужасное, что если положить в карман ключи или телефон, то ткань поползет как капроновые колготки. Ткань тонюсенькая! Далее, кривые швы! Я сфотографировала дефект и отправила продавцу. Знаете, было обидно выложить столько денег за ширпотреб. Значит я написала, думала сговоримся на возврате половины суммы, но продавец не хотел видеть дефекты, долго не писал почему другой бренд и предлагал 2 доллара. Я открыла спор, алиэкспресс вернул деньги! Спасибо! Я не конфликтна, но тут выбесило, что продавец за дуру держал и писал, что с товаром все в норме! в общем, это не брендовый магазин, а простой, где могут подсунуть подделку!",0,negative
79263,все как в описании. качество отличное. рекомендуем. доставка быстрая. на 44р рост 165 заказали L. Но не для высоких девушек.,2,positive
78669,Очень классная!На 44 подошлоXL.Качество класс!Продавцу Спасибо!Очень нравиться.Заказ 6.12.17.получила 25.12.17.Карелия Сортавала.Всех с Новым 2018 годом!,2,positive
58772,"хорошие лосины, мягкие, приятный запах, по 2 шва, тёплые но максимум до 15 минус, по совету продавца взяла на 42 м, большеваты, до груди натянула, думаю даже s будет большой, качество отличное, понравилась пяточка, буду носить, доставка 1 месяц, трек отслеживался, рекомендую продавца",2,positive
82259,"маломерит сильно,5x идёт на наш 50 ,не больше,а жаль,пришлось продавать.",2,positive
43398,"Заказ очень долго шёл, не отслуживался и я от него отказалась, деньги вернули без проблем.",1,neutral
33044,"Очень ждала эти свитера (заказывала два, разных цветов), но покупкой осталась не довольна. Очень долгая отправка, а соответственно и долгая доставка. сами свитера очень плохого качества, везде торчат нитки. свитера должны были быть одного размера, но один оказался на пару размеров больше.",1,neutral
79074,"Заказ сделала 28.10, уже 8 .11, пришел заказ, очень быстро,не ожидала(Новосибирск),немного в одном месте нитки торчат,заказывала на 52р.хххl в плечах немного большевато,в общем платье неплохое ,носить можно .",2,positive
124,"Вообще не понравился, во первых отличается от картинки и цвет и фасон и качество,швы очень толстые,поэтому на плечах и по бокам топорщится, в общем только в деревне носить, где тебя ни кто не видит. PS всем,кто больше 42 не рекомендую брать)увеличивает настолько фигуру, ужас",0,negative
35929,Кофточка оказалось очень маленькой. Пришлась в пору моей 5-ти летней племяннице.,1,neutral
61448,"рубашка пришла быстро, материал плотный, приятный, цвета яркие, при стирке немного линяет, но не сильно. с размером немного не угадала маловато.",2,positive
44701,"Ткань на юбке хорошая, плотная, но оторвать бы руки той швее : боковые швы разной длины и разрез тоже не стыкуется, отдала в ателье выравнивать весь низ ! Часть суммы за ремонт вернули, покупала за 621 руб+ ремонт, так что юбка обошлась совсем в другую сумму ! Доставили недели за 3. На от 80, об 104 сидит плотно.",1,neutral
80692,"Можно сказать хороший тор, коротенький, как в описании",2,positive
46585,"очень тяжелый.синтетика 100%.Рукава короткие(3\4) и по длине короткий (на рост 172-по талию).Размер не подошел,к сожалению.Но качество и цвет не разочаровали.",1,neutral
7986,"Ужасно долгая доставка. Заказала 11.11.17, получила 13.01.18!!! Материал не плохой (мягкий, тонкий), но сшито непонятно как на рост 165 очень короткие.",0,negative
18849,"товар так и не получила,деньги вернули.",0,negative
77813,Рубашка прелесть) Мне очень понравилась. Единственно в груди прям только-только. Немного бы посвободнее. А в целом очень хорошо),2,positive
53074,"Слишком прозрачная, но доставка быстрая.",1,neutral
70580,"заказ делала руководствуясь размерной таблицей продавца, делая припуск +3см. Не ошиблась, брюки подошли. Чуть свободны в бедрах, но это не страшно. Садиться в них слегка не удобно, в остальном претензий нет. Спасибо продавцу) з.ы. продавец положил браслетик в подарок, мило))",2,positive
936,"Продавец машенник.По трек номеру костюма, прислал свисток вместо костюма.Деньги не вернули. Не заказывайте у этого МАШЕННИКА.",0,negative
12381,"платье мне не понравилось. на фото магазина выглядит на много приличнее. смотрится как тряпка. швы по середине , оборка внизу кривая. длинна на рост 160 короткая. резинка на плечах перекручена. у другого продавца такое платье за 800 рублей с реальными фото. дороже оно не стоит. хотя я бы и за 800 р сейчас не купила бы!!! НЕ РЕКОМЕНДУЮ!",0,negative
18533,"Кошмар!!! На 44р-XL очень маленькая!!!Рукава узкие, короткие! В плечах узкая! По длине до пояса не доходит!!! Что теперь с ней делать-не знаю!? Что у них там за размеры!!!?Выброшенные деньги!",0,negative
7765,"слабая 3... По цвету не черные, а как выцвевшие.. как будто их много раз стирали.. качество так себе, по швам не прочно, могут порваться. Мягкие. Не утягивают вообще.. короче не понравились. зря брала.",0,negative
74471,Кофточка понравилась. Запаха нет. Швы ровные. Нитки не торчат. Спасибо.,2,positive
70157,"Единственный плюс - это быстрая доставка. По совету продавца заказала xl, пришла куртка размера l, которая оказалась велика. Мехового воротника тоже не было. Спор открывать не стала. Написала продавцу, вернул 1350, про мех забыл.",2,positive
35627,"Качество на 3. Доставка долгая. Ткань рыхлая можно было взять на 2, а то и 3 размера меньше. Отслеживался.",1,neutral
69606,Все Ок! Материал очень мягкий! Отдельное спасибо за подарочек- резинку.,2,positive
71658,просто супер!!!!!!!!!!,2,positive
13433,"товар до меня так и не дошел. Деньги вернули, спасибо",0,negative
67271,"Гамашики интересные,с запятниками.Хотя внутри тоненький мех,но качество как у колготок,в мороз не походишь.Заказывала М и L,приложив их друг к другу,обнаружила,что они совершенно одинаковые.Увы...К покупке рекомендую,но на правдивость размерной таблицы расчитыаать не стоит.",2,positive
22811,"Полное не соответствие фото, что касается цвета и материала",0,negative
14755,"очень плохое качество, заказывали белую пришла тонкая, очень сильно просвечивается грязная была очень плохое качество. Просила транса вернуть деньги отказался.",0,negative
2131,Верните мне деньги за товар или обменяйте. Мне ничего не пришло.,0,negative
22004,"Не советую эту вещь к покупке, выглядит дёшево и материал и вышивка, которая выполнена очень неаккуратно, криво. Носить не буду",0,negative
50035,"Начиталась комментариев и заказала размер М. огромная просьба, девушки, пишите свои реальные параметры! Мне оказался мал на 92-63-98. Надо было брать L. Во всяком случае так с бежевым платьем. Ткань вообще не тянется! Так что с размером будьте внимательнее. Просвечивает. Тонкая ткань. Бельё тоже сложно будет подбирать. Открывала спор. Продавец общался активно, но так и не поняла, что он пытается донести. Не его вина.. Я просто заказала размер больше и закрыла спор. Будем ждать.",1,neutral
60179,"заказ пришёл за 3 недели, все соответствует описанию. цвет белый- белый, приятный к телу . взяла 4хл на свой 50, свободен ко., можно и меньше, но это кто как любит. под длинную рубашку на лето хорошо, только лета нет,",2,positive
75829,"отличная рубашка,как на картинке. вышивки достойные,яркие. рубашка без вытачек,болохонистая,длина на мой рост как у туники. рубашка на 5+!",2,positive
23663,"Тонкая,очень долго шла,хоть и транспортной компанией.",0,negative
78108,трусики пришли очень быстро 11.08 заказ и 28.08 получение.,2,positive
40547,"Заказ не получила долго шёл, дошёл до Екатеринбурга, там и пропал(((( Причём не первый заказ там исчезает. Екатеринбург,как бермудский треугольник))))",1,neutral
6541,картинка лучше,0,negative
60686,"Пальто очень понравилось ! Полностью соответствует фото. Ткань мягкая и теплая, размерная сетка соответствует. На 88-76-104 размер М выглядит как на модели. Очень яркое и прикольное пальтишко. Продавец очень контактный: перед отправкой выслал мне фото пальто, спросил,все ли мне нравится-исключительный сервис ! Плюс в подарок положил чокер с очень красивой подвеской в виде паука. Продавцу 10* за обслуживание и столько же за товар. Рекомендую однозначно : берите-пальто очень оригинальное и эффектное+думаю буде теплое. Продавцу СПАСИБО !!",2,positive
51777,Мне не понравился. Особенно подкладочная ткань. Подкладка прозрачная.,1,neutral
33294,Размер XL на мои нижние 110 не налезли ! Открыла спор за несоответствие размерной сетки ! Ничего не вернули ! На сообщения не отвечают .,1,neutral
29036,"на картинке морда не такая, как пришла в заказе",1,neutral
13987,"Платье абсолютно другое!!! Ткань совершенно не та!!! Спереди внизу разрез, длина не соответствует..... Заказывала платье заранее к новому году, а получила только 4 января....",0,negative
8873,"очень короткая не как на фото, чуть пупок закрывает",0,negative
31658,"Куртка маломерит ,просвечивает наполнитель кусками , долгая доставка до Москвы , заказ вышел из под Контроля , срок защиты кончался два раза , шла два месяца",1,neutral
74028,"Большой , офигенный шарф. Мягкий и приятный на ощупь. Цвет соответствует .Доставка 1 месяц . Советую)))",2,positive
51339,"Джинсы очень странные. Не сидят вообще никак. В талии почти нормально, на попе сели, а вот перед и ноги... Пытаюсь решить как ушивать... По размерной сетке параметры что указаны, все вроде норм, а вот про обхват ноги там ничего не сказано. Купила самые маленькие. И все равно на слона.",1,neutral
80611,Кофточка из тонкого трикотажа как футболка. заказывала размер 5хл на русский 56. отлично подошло.не в обтяжку. длина кофты на рост 170 вполне приличная. В целом кофта смотрится очень классно и комфортная к телу.,2,positive
36209,"размер подходит на 46, но рукава короткие и без пугавец. очень долгая доставка",1,neutral
4662,на фото все видно жесть размер выбирала с учетом совета продавца народ не заказывайте,0,negative
43344,"Брала на 2 размера больше. В них можно только стоять. Ходить, а тем более сидеть - крайне неудобно. Ноги от коленей и ниже втиснулись только за счет резинки по бокам. В бедрах можно запихнуть если не вторую меня, то килограмм картошки точно, в сочетании с обтянутыми голенями смотрится ужасно. Длина критично короткая, но здесь чуда и не ждала, всё равно с высокими ботинками носить. Плюсов всего два: они действительно теплые и доставка до дверей. Расстроилась ужасно, брюки не дешевые. Попытаюсь кому-нибудь пристроить.",1,neutral
30630,"Первое, что смутило, красные нитки на белом кардигане и жуткий химический запах! Кардиган не приталенный, широкий( похоже это размер one size). Особенно впечатлил капюшон! То л. Это такое дизайнерское решение для воротника, то ли это жутко маленький и мелкий капюшон... за эти деньги можно в магазине с примеркой купить)))",1,neutral
71016,"Очень крутая пижама.Сидит по фигуре,смотрится очень здорово.Спасибо продавцу,буду заказывать другие цвета",2,positive
19050,Я недовольна ! Продавец переубедил меня в размере . Разумен оказался большим,0,negative
16484,"Я так и не получила платье.Прошло 4 месяца. Продавец общался,писал..скорее всего это на таможне.Было ли у вас такое?",0,negative
12902,"Товар в республику Башкирия не пришёл, продавец не ответил, деньги не вернули. Не советую заказывать!!!!",0,negative
31659,"Пришёл заказ очень быстро. Качество оставляет желать лучшего. Кружево всё трещит при надевании, после первой стирки точно отвалится . Основной материал Голубевы синтетика",1,neutral
64116,Продавца советую. Хорошее качество. Размерная сетка соответствует.,2,positive
45076,"Джинсы не оправдали моих ожиданий. Самое главное, что флис оказался не таким уж и плотным, как представлялось. Купила себе в ""Смешных ценах"" дешевле и толще. На талию 82 и бедра 102 заказала 32, как написано у продавца, но и меньший размер было бы не плохо. И еще мне показалось, что джинсы все же не прямые, т.к. обтягивают икры. В общем носить буду все равно.",1,neutral
7210,К,0,negative
69501,Всё хорошо,2,positive
793,не точное описание! кожа как с кресла машины.,0,negative
66587,"Заказывали в подарок, не открывали не измеряли",2,positive
72119,"Классная!! Очень! Курьер принес домой (правда ждала я его очень долго) но все же к поставщику это не имеет отношения)) Юбка-карандаш, сидит очень хорошо. Заказывала у другого поставщика так вот эта на 5 см длиннее что не может не радовать) Спасибо! Успехов! А я пожалуй закажу еще одну))",2,positive
37378,"Выглядит совсем не так как на фото, синтетика, материал на ощупь неприятный, помпоны на булавках, висят в одну кучу. Доставка месяц до Новокузнецка",1,neutral
74048,"Юбка хорошего качества. Ткань плотная, приятная к телу. Спасибо продавцу и процветания вашему магазину.",2,positive
79218,"Всё подошло, немного есть запах. Спасибо продавцу))",2,positive
11848,к сожклению заказ так и не пришёл жаль постоянно увеличивались срок не советую там покупать,0,negative
23030,"Сшито плохо, рукава неровные, торчат нитки везде, не шерстяное и далеко не осеннее",0,negative
66090,супер. на 42-44 рост 175 размер М отлично.,2,positive
1939,доставка быстрая пришло ровно за 14 дней до Белгорода но товар был немного порван,0,negative
79492,"Купила дочке на 44 - 46 размер (90-68-90). Доставка около 3 недель, в почтовое отделение. Упаковка обычная, всё пришло целое. Штаны хорошие, по фигуре, не поднять, тёплые. Думала между размерами L и XL. Хорошо, что заказала побольше, так как очень узкие. Если сидеть, натягиваются в коленях, и немного оттопыриваются на талии. Наверное, я бы посоветовала такие штаны делать пошире в коленях. Но тогда, наверное, не будут смотреться так суперски. Спасибо за подарок (браслетик). В целом, довольна. Этот магазин люблю, уже шестая покупка здесь. Удачи, процветания! Спасибо за отличную продукцию!!!",2,positive
3267,Очень высокие. Клей налеплен кое-как. Нитки торчат. Денег даже своих не стоят.,0,negative
4852,"Ткань просвечивает, не приятная на ощупь.На 44 размер в бедрах впритык, а на талии собирается и не прилегает, короткие рукава.Везде торчат нитки, швы не ровные.Не советую.",0,negative
31101,"Не подошёл размер, все выбирала по размерной сетке.",1,neutral
65672,"Хлопок натуральный и очень сильно мнется. очень жёсткий,как бязь, к телу не очень приятно. швы ровные. Продавец очень хороший! шло в Москву 10 дней.",2,positive
74918,"Товар пришёл менее чем за месяц. Хорошего качества, мне нравится. Рекомендую товар и продавца.",2,positive
79578,"Смотрится красиво, материал хороший.",2,positive
58395,Супер! Спасибо! Еще буду заказать....,2,positive
72757,"Кофта xl оказалась огромного размера 52-54. На мой 46 очень большая. Не читайте отзывы, заказывайте ваш размер",2,positive
15635,"Ужасно склеены, очень неаккуратно, носить такое невозможно",0,negative
52348,"по размеру не подошло, хотя выбирала исходя из описания.",1,neutral
2606,"Ждала это платье около 3 х месяцев! Товар не пришёл, открыла спор, спор закрыли но деньги не вернули!!!! Будьте осторожны!!!",0,negative
71547,"Товар не пришёл, продавец сразу вернул деньги, поэтому 5 звёзд",2,positive
23892,качество ужасное тряпка,0,negative
59966,"Дошло, в этот раз быстро. Качество хорошее. Однако один заказ за пол года так и не дошёл.",2,positive
57924,It’s really good as usual!,2,positive
32721,"так себе футболка, маломерит на размер точно, заказала м на ог90 от68 рост 170, оказалась коротковата, прям впритык, не комфортно.с рисунком тоже ерунда, на глазу у кошака что то написано(я так понимаю, картинку с инета взяли и не потрудились даже замазать надпись) заказывала подобную футболку у другого продавца, все идеально. здесь больше не закажу точно!!",1,neutral
76202,"Пуловер дошёл в Ижевск за 3 недели, сел как влитой",2,positive
5289,До Новосибирска шло ~3 недели. Брала размер S. Ткань не приятная. Дырки под шнуровки никакие...порвутся после первой тренировки. Носить не буду! Зато есть новая тряпка для пола)) Не рекомендую.,0,negative
67231,Супер!!! На параметры 92/74/97 и рост 174 см. размер S в обтяжку. Качество отличное!,2,positive
70794,"Классное платье, ткань приятная, цвет ярче чем на фото . Посылка пришла быстро трек весь путь отслеживался. Заказала размер М и подошло идеально Всем довольна",2,positive
67837,"Очень красивая, тонкая ткань, нитки не торчат, все ок.",2,positive
23089,Деньги вернули.Товар не пришёл,0,negative
50243,"Легенсы пришли быстро. Но для зимы они тонкие, хотя и с изнанки бархат. И, думаю, совсем не кашемировые, а сплошная синтетика.",1,neutral
58672,Отлично!,2,positive
75564,"Шорты супер! На свой 40, взяла s, подошло идеально, так как на картинке, в талии в обтяжечку к низу расклеш",2,positive
44868,"Товар не дошёл, но продавец вернул деньги. Был очень общительным.",1,neutral
10815,"I'm absolutely disappointed in this delivery service! I waited for this pajamas for about 4 months and hoped that it would still arrive. However, despite the fact that the seller endlessly extended the time, I waited. in the end, I hoped that the seller again extend the deadline, but this did not happen. I did not manage to open a dispute, my money went to the seller, and I was left without money and pajamas. I can not describe in words how disgruntled am I. Я абсолютно разочарована в данной службе доставки! я ждала эту пижаму около 4 месяцев и надеялась, что она все таки прибудет. однако, несмотря на то, что продавец бесконечно продливал срок, я ждала. в итоге я надеялась, что продавец снова продлит срок, но этого не произошло. я не успела открыть спор, мои деньги ушли продавцу, а я осталась без денег и пижамы. я бесконечно рассержена и недовольна такой несправедливостью. Я ещё слишком молода, чтобы переносить такой стресс. Эту пижаму я хотела подарить маме.",0,negative
33048,"Итак, начну пожалуй с доставки, мега быстрая доставка, что может не радовать, две недели до Красноярска! Брюки обычные, из синтетики , ткань как на лосины ... в общем не очень понравилось, поэтому ставлю троечку но с огромным плюсом!)))",1,neutral
51865,"Пуговицы пришиты с другой стороны рукава + в целом крой смотрится несуразным, как платье не подойдёт",1,neutral
74887,"доставка месяц до Алтайского края. пояс широкий, резинка внутри почему -то тонкая. белый материал просвечивается. В целом очень даже хорошие за 480руб",2,positive
9237,"Заказала размер 32, в надежде что придут обтягивающие, хорошо сидящие джинсы. Итог не порадовал. Размер больше чуть ли не в два раза тридцать второго, хоть на бирке написан 32 размер. Надеялась, ждала. А итог расстроил.",0,negative
24960,продавец отправил заказ другой службой доставки.,0,negative
58903,"Трек отслеживается,Шла посылка около трёх недель.Я эту юбку заказываю второй раз,юбка классная,ткань мягкая,плотная,на осень,весну как раз.Посылкой довольна,всем советую эту юбочку.Спасибо продавцу большое,рекомендую!!!И в подарок резиночка для волос☺",2,positive
61956,"Хороший комплекс для таких денег. Ткань тонкая, тянется, сшито хорошо. Ношу xs-s, но решила взять L и не прогадала, отлично сел.",2,positive
29032,по всей куртке торчат нитки,1,neutral
8282,"Продавец отправил заказ быстро, но в связи с НГ наверно, посылка по территории России шла долго. К сожалению, продавец положил XL вместо XXL, и естественно рубашка не подошла в груди. Плюсом на воротничке был брак - ткань из шва вышла, и в итоге видно подкладку воротничка.",0,negative
36155,"Не аккуратно сшит, пучки ниток на лицевой стороне.",1,neutral
31728,Первый же примеренный черный носок оказался с дыркой.Заказала два цвета: телесный лучше черного и длиннее.Но за такую цену нормально.,1,neutral
45993,"Размер выбирали по сетке и отзывам.На российский 42—44,рост 171 коротковато (((",1,neutral
64659,"Заказ пришёл быстро, на 42-44 брала м маловата в груди и рукава немного коротки",2,positive
80557,"Пальто замечательно, советую",2,positive
4999,"этот заказ,как и многие другие я не получила.последние 6 заказов,у разных продавцов по просту не пришли или были засвечены как доставленые,незнаю кому только.больше заказывать тут не буду.деньги вернула площадка али.",0,negative
50817,"с чулками проблем нет, а подвязки разорвались, как только я их надела. пластик крепежа сломался, пока я раскрывала застежку. в общем, получила только чулки. надеюсь, мне так не повезло одной, у других проблем не будет)",1,neutral
72571,"посылка шла 20 дней. пришла в целости. трусишки все аккуратные,яркие)) но они не тянутся.кароче все подошло я довольна. продавец общительный, рекомендую товара и продовца))",2,positive
59454,"Заказ шел месяц до Кемеровской области, посылка отслеживалась, штанишки крутые, по моим размерам вес 73, ОБ 106, ОТ 80, рост 169 2хl подошли идеально,нигде не давит, по длине идеально, штанишки в обтяжку, но мне так нравится, сшито очень аккуратно, нитки не торчат, швы аккуратные,присутствует легкий запах, надеюсь после стирки уйдет, спасибо продавцу, брала за 1.140, соответствуют цене, берите не пожалеете, товар классный, у нас нечего подобного не видела. Продавец умничка советует размер, но круче всего девочки ваши отзывы, на них ориентировалась и не прогадала!",2,positive
31836,"Заказала кофту на распродаже за 1078 р и отдельно оплатила доставку . Получила 28 ноября , отслеживалась. Мне кофта оказалась мала . В описании длина рукава указана 56 см , и оговорка плюс/минус 2 см , но на деле рукава 49 см , на 7 см короче заявленных! И длина изделия 51 см вместо 53 , но руководствуясь оговоркой о 2х см в описание подходит . Я написала в личных сообщениях продавцу , все объяснила и потребовала чтобы вернул мне деньги или я открою спор тк кофта мне для носки не пригодна , он в ответ мне просто примечание с размерами что в описании скинул и все. Я открыла спор , приложила фото и через 3 дня али закрыло спор в мою пользу и ещё через 2 дня вернули деньги . Брать или нет смотрите сами , когда я заказывала отзывов не было , но были только положительные оценки и видимо покупательниц устроил их товар . Может мне не повезло с покупкой",1,neutral
50742,На 52 размер взяла 4XL оказалось очень велико,1,neutral
49047,Синтетика 100% - хлопка нет ни грамма (максимум 1%). Качество пошива хорошее. Три звезды только за качество материала - в остальном все ок.,1,neutral
6774,"Джемпер плохого качества... Было два каких-то узелка на ткани, пришлось их разрезать ножницами под лупой, бирка пришита странно (1 фото), при растягивании ткани выглядит ужасно. Быстро образовались катышки",0,negative
742,"не то чего ожидала, думала будут свободными, но сели в облипку. Качество не очень приятное",0,negative
79088,"Доставили за 20 дней в Татарстан. Она очень классная и необычная! У себя в городе такую еще не видела)) на капюшоне ушки стоят, резинка на рукавах в цвет пуховика. Сам пуховик не очень широкий, по размеру как раз оказался, мне очень понравился! Рекомендую и товар и продавца!",2,positive
8855,"Мне не пришёл товар,деньги где то в космосе ....прошло время ожидания !!!!не рекомендую .....",0,negative
75033,"Прекрасная рубашка. На 42-44 М села прекрасно. Дошла быстро, без брака, все замечательно. Спасибо продавцу.",2,positive
38274,"само качество неплохое,размер 6 хл подошёл на русский 52-54 свободно,объем груди 120,снимаю звезды з то,что заказывали именно такой синий цвет,как на картинке,а пришел обычный тёмно-синий.",1,neutral
51014,"шапка маленькая, на ребенка",1,neutral
31605,"Совершенно не совпадает размерная сетка. Начиталась отзывов и взяла М на свой 42-43(ближе к 44) - утонула ((( плюс она тянется хорошо. У меня рост 173 - не по росту немного. Но можно было носить, если б уже была. И 1 минус - внизу нет заклёпок. То есть если вы захотите в туалет - вам придётся ее полностью снять )))) попробую продать - если нет, то дома носить буду. По качеству ткани мне тоже не очень. Тонкое очень. В общем, не рекомендую",1,neutral
77382,"Посылка ехала ровно месяц. На мои об 98, рост 165 сели замечательно. ОООЧЕНЬ понравились. РЕКОМЕНДУЮ!!! 5***** Продавец положил подарок, резинку для волос))) СПАСИБО",2,positive
35195,заказ не получила продовец продливал срок защиты но заказ так и не пришел . деньги вернули через спор,1,neutral
20454,"Куртку я не получила, не уверена, что продавец ее вообще отправлял, с момента заказа прошло дней 20 открыла спор, продавец признался, что заказ я не получу, но спор не подтвердил, деньги не хотел возвращать, спасибо администрации сайта, что разобрались в ситуации и вернули деньги",0,negative
18881,"очень расстроена. заказывала свите зеленого цвета, пришел черный и к тому же с большой дыркой. доставка быстрая, но путаница с цветом испортила все впечатление",0,negative
7215,"Я вот не знаю , придет какая нибудь тряпка, и девочки пишут. какая хорошая вещь, как можно !!! Им платят за это что-ли. Товар не соответствует картинке вообще: 1. вырез горловина вообще не такая, как на картинке, а квадратная , на плечщ ничего не опустишь .смотрится ужасно! 2. Ленточки сзади, вот на картинке -это ленточки. а пришли какие-то страшные веревки , намного меньше , тоненькие. облезлые. 3. сзади вырез раза в три меньше. чем на картинке!!! Думайте сами , как можно оставить хороший отзыв, я бы больше 200 рублей за эту кофту не дала бы!!!",0,negative
47836,Качество отделочных строчек оставляет желать лучшего. Ткань плотная и мнется.,1,neutral
69756,"хорошее качество,но не хлопок",2,positive
37702,Очень долгая доставка! Качество хорошее,1,neutral
59180,"Отличные джинсы,хорошее качество,очень довольна покупкой!))",2,positive
17823,"майка не пришла, но продавец сразу же вереул деньги",0,negative
69990,"очень мягкая,приятная телу ткань!чуть-чуть оказалась большевата..но это не критично!кофтой очень довольна!",2,positive
5006,"Товар я не получила , деньги заплатила и в итоге не чего нет не денег не товара . Покупаю на алиэкспрессе недавно . Даже спор не успела вовремя открыть. Очень не приятно и досадно, что так вышло.",0,negative
4217,"товар мне вообще не понравился! полит отвратительно, материал тоже не очень, косточки на лице все повылазили наружу .......на рисунке очень красиво, а на самом деле мне не понравилось!!!",0,negative
71252,"Соответствует описанию, за свои деньги - отлично.",2,positive
76075,Товар дошел за 25 дней до Нижнего Новгорода.Все ок.,2,positive
79861,"не ожидала! приятно удивлена...супеееррр... заказывайте, не пожалеете",2,positive
74849,"Супер качество,отличное качество,но на высокую девушку думаю будет короткое",2,positive
7741,"Заказывала черный, получила синий; заказала размер L- по этикетке соответствует, но реально s. М одеть быть подойдет на невысокую девушку до 160, с размером А.",0,negative
38651,"Платье яркое, как на фото. Сшито аккуратно. Ткань 100% синтетика из которой шьют лосины. Можно одеть 1 раз и не надолго, так как ткань не дышит. Размерная сетка не соответствует изделию. оказалось велико. Коментарии о том , что китайские размеры маломерят в данном случае не верны. Открыла спор о возврате товара продавцу и получении денег назад. К чести АлиЭкспресс, спор был удовлетворен. Обещали вернуть деньги без возврата товара. Продавца рекомендую. Советую быть внимательным при выборе размера и внимательнее читать описание.",1,neutral
24227,"Ждала больше двух месяцев, но заказ так и не пришёл. Открыла спор, деньги вернули.",0,negative
51240,ткань не хорошая сшито плохо бока ужасно смотрятся не рекомендую,1,neutral
71096,"Мне понравился пуловер, удобно сидит, мягкий, уютный, ворот особенно нравится, не сильно тонкий и не сильно толстый, такой как хотела. Спасибо))",2,positive
1294,"молния с трудом работает, потому что плохо вшита, края не обработаны. Кнопки плохо держат, а одна не растегивается вообще. около молнии торчит синтепон. носить не льзя.",0,negative
33407,самый маленький размер s на мой s огромный просто,1,neutral
72445,заказала 26.07. пришел 5того числа 8 месяца)) быстро) до нижнего Новгорода. заказалa L. все замечательно подошло. скорее всего на осень и весну.,2,positive
59509,"очень хорошая курточка, но я чуть-чуть не угадала с размером, давит в груди. не прочитала примечаний продавца и не учла мерки записанные в описании, на ОГ 92 взяла М, надо было брать L.",2,positive
77445,Отличные штаны. Пошив аккуратный Я очень толстые и тёплые. Небольшой запах но после стирки надеюсь уйдёт,2,positive
66361,замечательные бесшовные трусики с ластовицей. заказ пришел в Пензу за 15 дней. спасибо!,2,positive
22975,"Толстовка пришла серого цвета, хотя я заказывал зелёного цвета, материал тонкий",0,negative
72151,"Товар шёл долго. На фото показано, что майка ниже пупка, у меня она еле грудь закрыла) для дома в самый раз))",2,positive
45710,посылка не пришла увы. продавцу спасибо за отзывчивость. деньги вернули быстро.,1,neutral
73843,"классный комплект, размер соответствует, доставка супер быстрая! буду заказывать другие цвета. продавцу большое СПАСИБО!",2,positive
46834,я благодарна продавцу за понимание товар пришел быстро но блузка пришла на размер меньше и с пятнами открыли спор продавец очень быстро вернул деньги спасибо всем рекомендую этого продавца!!!,1,neutral
17232,"Товар не отслеживался, прошло два месяца, товар не пришёл. Деньги вернули. Остался недоволен продавцом",0,negative
51642,Рисунок соответствует... но ткань оставляет желать лучшего.,1,neutral
34715,"Каааароче! Во первых, заказывала такие же штаны только голубые-30 размер на об 100 и талию 70 был свободен, как и хотела, но со временем они растянулись. Сейчас заказала чёрные, это во вторых, цвет нихрина не чёрный, все в катышках! Заказала 29 что бы было не так свободно как 30. И что вы думаете я даже не влезла в них! В размерное сетке и по отзывам сделала вывод, что все подойдёт, но хрен там был! Расстроена",1,neutral
6666,"Не заказывайте здесь!!!!! Заказ шел 1,5 месяца, не отслеживался вообще! По итогу пришел, размеров на 5 меньше и с ужаснейшим запахом, такое ощущение, что его не снимая месяц носила рота солдат (((( Ужас... Спасибо Али, одобрили возврат денежных средств",0,negative
34403,"17 дней до н.н., отслеживался. вешь красивая и качественная. но не соответствует заявленному размерному ряду. у меня была возможность померить его у подруги xxl. померила и заказала 4xl на свой бюст 108 см. так вот то,что прислали точно то же, что я мерила. размеры маркируют, как придется. судя по отзывам, вещь one size. кому подойдет, тому и повезло. я расстроена.",1,neutral
38255,"отвратительное платье, мешок какой-то. цвет как-будто оно отцвело от стирки, ткань- тонкая плащёвка, липнет к телу и белью очень сильно¡¡¡ я не рекомендую.",1,neutral
64747,шикарно!!!!,2,positive
37818,Платье плохого качества. Материал тонкий сплошная синтетика. Носить не буду.,1,neutral
5897,"Так и не дождалась совсем, то ли украли по дороге, то ли не знаю что думать",0,negative
37468,"Не соответствует размер, XL- идет на M. Качество хорошее.",1,neutral
2267,"В описании размер XS равен 59-62 см на деле же тут целых 66см Хотя кто то даже писал что юбка маломерит. НЕ ВЕРЬТЕ ЖИРУХАМ!!! А вы, жирухи, нормально измеряйте себя без втянутого живота. И заказывайте свой реальный размер, а не на размер меньше, чтобы все равно не влезть! А потом строчить отзывы, что это юбка неправильная какая то, ага:/ Но в описании косяк конечно да.",0,negative
61190,"в крым пришло быстро, качество супер",2,positive
4678,"Вообще не рекомендую этого продавца!По порядку:заказала сначала брюки и по глупости не отслеживала заказ,увидев несколько статусов в отслеживании в приложении Алиэкспресс,приглядела еще пару вещей в данном магазине и решила приобрести.Трек выдали вообще другого формата Рашан айр,на брюки был Чайна Пост.Итог:брюки отслеживаются только на Каинтао(сайт,где продавец сам печатает отслеживание)сайт почты России трек не видит,17 трек видит только электронную регистрацию-по этому заказу Али вернули деньги!А вот со вторым еще интереснее!трек прод дал чужой и вместо Тулы заказ пришел во Владикавказ!Открыв спор указала причину неверный адрес,прод деньги не хотел возвращать и вмешалось Али,но им почему-то не стало аргументом разные адреса!увидели причину защита заканчивается-хотя этот пункт я не выбирала!Вот теперь жду решение,обидно будет,если они откажут в возврате!600 руб не такие и большие деньги,но за не полученный товар их тоже отдавать не хочется!В общем не рекомендую продавца ВООБЩЕ!!!",0,negative
18942,товар не пришел. открывали спор. деньги вернули,0,negative
68775,"пришли быстро, хорошо упакованно! жене понравились а это самое главное!! продавец отличный советую!!!",2,positive
17657,"неплохая блуза. Хорошо сшита,нитки не торчат. цвет приятный. с размером беда- XXL, это 44-46. сшита не понятно по каким лекалам.44-большая грудь должна быть. 46-рукава хорошо,но смотрится как распашонка.",0,negative
9253,Заказала колготки 7 июля. За 4 месяца так и не дошли.,0,negative
23450,Товар так и не пришёл и деньги возвращать отказались.,0,negative
23245,"ничего не пришло!!! жду уже 3 месяца. лето прошло, они мне не нужны! открываю спор!!",0,negative
17595,"Ужас , прошло четыре месяца, заказ так и не пришёл, деньги не вернули, .хотя я уже заказывала майку у этого продавца только другого цвета, она пришла за три недели , как то не понятно , но я очень расстроена (((",0,negative
41648,"Штаны пришли одинаковые,хотя заказывала разные и у них есть разница в цене.",1,neutral
20989,"получила совсем не то что фото! модель не соответствует фото! оплачивала быструю доставку 14-23 дня, платье пришло через 50 дней! очень недовольна",0,negative
36063,Не пришла деньги через спор вернули,1,neutral
59391,хорошо просвечивается. но блузка хороша. на рост 158 вес 63 и грудь 3 размера немного маловата в груди. цвет лимонный. отлично,2,positive
60055,на русский размер 50 сели идеально. доставка 25 дней.,2,positive
18897,Очень плохо. Товар не соответствует представленной фотографии!!,0,negative
62407,"Качественная ткань, к телу приятна, запаха нет. Швы аккуратные, наклейка пережила машинную стирку. На мой 48-50 размер брала XXL, она даже великовата. Пришло всё быстро.",2,positive
34451,Джинсы тонкие и резиновые с ужасным запахом,1,neutral
2745,"врут с размером. безбожно мал. их 80с это по нашему 70 ноль. где накосячили с кроем под мышкой образуется валик даже если размер подобран правильно. не советую. пошив ровный, аккуратный, но носить невозможно. в помойку!",0,negative
62313,"Пришло за 2.5 недели в Иркутскую область,заказала в подарок тети на вид красивый, нитки не много торчат.",2,positive
76230,"Заказывала маме на НГ, поэтому пока оценки за внешний вид упаковки.",2,positive
63547,"Все супер!! Цвет,ткань размер!! Заказала XXXl а так ношу 58-60 р-р и подошло!! Только в руках немного тянет Спасибо продавцу за быструю доставку!",2,positive
14588,"Заказала 27 апреля, пришла 27 июля! Открывала спор несколько раз! Продавец кормил меня завтраками и продлевал защиту заказа. Отслеживания не было 3 месяца! не советую. лучше купить дороже. синтетика",0,negative
2583,"Товар ждала 2 месяца, деньги не вернули и товар не пришёл, спор закрыли не решив проблему",0,negative
82098,"Отличная р-шка,только без кармана и выточек.На ОГ100,ОТ88,ОТ100, чуть-чуть большевата,но так было и задумано(вдруг после стирки подсядет).",2,positive
42632,ну очень долгая доставка я думала уже не приедет никогда,1,neutral
64052,"Я не ожидала что получу такие легинсы. Я в восторге, качество супер и сели идеально",2,positive
36354,Дешевка,1,neutral
12061,Очень расстроена. Размер xxxl очень маленький! Хотела бабушке подарок сделать на Новый год. На параметры 105см грудь на 7 см просто не сходится на груди. Хотя читала отзывы у кого то в другом цвете сошлось. Очень странно. Максимум на 48 размер. Подвели китайские размеры.,0,negative
75617,Классные шорты!!! Хлопок. Доставка быстрая) Рекомендую,2,positive
6534,Просто ужас. Размер L для детей. Картинка не соответствует,0,negative
73754,мне нравиться классный костюм,2,positive
51425,"Юбка не плохая, но очень сильно маломерит. Брала XL российский ношу L или похудею, или отдам дочке (предварительно ушив)))) Доставка быстрая. Трек отслеживался.",1,neutral
18909,Пахнет. Плохо тянется. Не соответсвует размер,0,negative
8900,заказ не пришел+продавец делал мозги долго месяцев уверяя что отправил заказ,0,negative
42494,А целом он мне понравился. Единственное что он начал расползаться по швам.,1,neutral
5220,Тряпка тонкая,0,negative
50112,"Платье прекрасное, понравилось и мне и даже дочери-подростку, но есть дефект окраски ткани - белая полоса (впрочем не очень заметный на пестром платте)",1,neutral
29466,Мне не очень понравилась я думала будет лучше и ткань и фасон,1,neutral
64399,"..This is not a coat.. it's more of a long jacket!!! besides, the thing came in 3-4 sizes smaller than normal international XXL!!! but the quality is good.",2,positive
60287,Комплект хороший,2,positive
36666,"фигня какая-то. s- прям чуть ли ни в обтяжку. так что выбирайте размер больше. и всё равно, когда свисать будет.....тоже самое, что без майки вообще .проще самой любую майку обрезать.",1,neutral
42251,Ткань ужасного качества и сильно просвечивает,1,neutral
67807,Прекрасная кофточка. Дочь в восторге. Доставка быстрая. Рекомендую продавца и магазин,2,positive
40764,пришли за месяц до Орла. так очень понравились! на ощупь класс,1,neutral
39558,хороший товар но немного не качественный ткань ну за быструю доставку 5 +,1,neutral
60770,"Качество хорошее за такие деньги, берите на 2 размера больше!",2,positive
16384,"После первой стирки изображение на свитере стало бледным , такое чувство что свитеру сто лет . Качеством недовольна",0,negative
82128,"Джинсовка крутая, как на картинке, смотрится очень классно) доставка быстрая, всего за 2 недели дошла в Московскую область, я довольна))",2,positive
16233,"пришел товар, был хорошего качества, даже рада была ему, не пах, правда минус был- синтетика. решила постирать, в итоге спустя два дня у меня белые рисунки слиплись между собой и появились розо-коричневые пятна. написала продавцу, сказал, что может дать пол суммы на какой-то сайт с кошельком, где с 18-лет можно зарегистрироваться, в итоге я засомневалась на этот сайт и написала ему опять, сказал даь купон на другую покупку в его магазине. Жалко эту толстовку, я её ждала, а в итоге испортилась и выглядит не очень",0,negative
66161,"Покупала в качестве базы под пиджак, полученным товаром довольна! На 84х68 все вполне хорошо село, но будь грудь немного побольше - выглядело бы интереснее. Брала 2 топа в размере М: есть ощущение, что зеленый самую малость больше голубого.",2,positive
40011,"качество не такое уж и плохое,но если одеть капюшон то получается изнанка кофты,так же по отзывам писали маломерит,если хотите типа чтобы была подлиннее,то надо заказывать на размер больше,в итоге я в ней утонула",1,neutral
73321,"шла месяц.бубон конечно меньше, чем на фото( слежавшийся набок. надеюсь исправится. а так, довольна покупкой",2,positive
20428,"заказ не пришел, деньги не вернули.",0,negative
62141,отличная майка. На 42 размер садится идеально. быстрая доставка,2,positive
24626,"Заказ был сделан 29.04, сначала всё было нормально, продавец отправил товар, я ждала. Потом срок защиты стал истекать и продавец без моего ведома его продлил. Я снова долго ждала, потом уже в июле уехала в отпуск. Срок защиты прошёл, продавец не вернул деньги! Лето уже заканчивается, а шорты так и не пришли!! Хотя заказала их в апреле. Не в коем случае не заказывайте товар у этого продавца!",0,negative
52265,проблемы с отправкой заказа. на посылке не был указан город доставки.,1,neutral
46592,"Товар пришел дней за 10 до Ставропольского края, но минусы есть, ношу вещи размер s иногда m, читая отзывы , решила заказать L, и та оказалась мала, рукава жмут, очень короткая, ткань приятная да, но размеры никуда не годятся!!!",1,neutral
39717,"ткань как у майки. кружево не очень хорошего качества. и кружево так не тянется как платье, поэтому чтобы сесть в машину нужно задрать платье.",1,neutral
49144,Качество материала низкое,1,neutral
21268,"""2. Является ли товар таким же как на фотографии? Да, все фотографии реальны. Мы сделали эти фотографии сами."" Это написано на странице вашего товара. Я требую вернуть сумму заказа.",0,negative
59528,пришли довольно быстро. ткань тонкая и удивительно тугая в местах швов. 3xl реально на 46 только налезет,2,positive
42394,Маломерит. И к тоже штаны короткие и узкие как на карлика((( не отслеживалось..,1,neutral
59276,"Заказываю второй раз,футболка большемерит на размер. Цвет и качество ткани на высоте! Минус за необработанные края,опять понесу в ателье",2,positive
62649,классная куртка мне очень понравилось. спасибо продавцу за подарок.,2,positive
69861,Товар хороший. Пришел быстро,2,positive
63063,"сегодня 23.11 получила свою посылку. колготки очень хорошие,толстые размер м на 44. Спасибо продавцу.",2,positive
49967,"товар не пришел, через спор вернула деньги",1,neutral
22254,"Прождал три месяца в пустую,продавец вешал лапшу на уши и не хотел возвращать деньги,просил закрыть спор.Ужасный,мерзкий продавец(Потерянное время в пустую и негативные эмоц",0,negative
53551,"края не обработаны,сзади короче,чем спереди",1,neutral
32657,"Очень короткая, как на куклу",1,neutral
82078,"Спасибо. Быстря доставка. На 3 размер, чашка С, в натяжку.",2,positive
49062,"Качество соответствует цене, не более того",1,neutral
32327,"заказ пришел примерно за месяц.на свой размер L взяла L.в талии широкий,рукава очень узкие,руки трудно поднять.пиджак тонкий и короткий",1,neutral
82491,"по размеру. ткань тонкая. в целом, довольна. пришло быстро",2,positive
81042,Отличные штанцы,2,positive
19955,"размер не подошел, на об 96см, XL малы",0,negative
67166,15 дней до СПб. очень понравилось и качество и фасон. крутое. очень довольна. на высокий рост.спасибо!,2,positive
23890,"Заказ не пришёл, деньги вернули! Очень ждала, так и не долждалась, обидно!",0,negative
8722,"Заказом недовольна. Очень маленький размер. На 46 российский заказала XL. Очень короткое. Изделие для тех, у кого нет груди вообще. На мой рост 158см оказалось по линии окончания живота...а уж явно ни как на фото... Зря потраченные деньги. К продавцу претензий по доставке нет. Очень быстро. Качество для этих денег соответственно",0,negative
49097,"очки пришли поврежденные, деньги вернули частично. Думала перезаказать их. к слову первый раз они обошлись мне в 103 рубля вместе с доставкой. сейчас они стоят 357, я в шоке!",1,neutral
34327,"Пришло с браком...как смотрели, что отправляют не понятно...",1,neutral
16180,ужас .очень ждала и очень расстроена. фасон футболки не тот что на фото . рисунок меньше намного .футболки обе пришли синтетика. хлопком и не пахло.очень обидно.,0,negative
38683,"Длина шортов не соответствует как показано на картинке, они в половину короче. Заказали две пижамы одинаковый размер, но одна оказалась немного меньше. Заказ пришел быстро, упаковано все хорошо. Трек отслеживался на всем пути. Материал больше синтетика. Запаха нет. Цвет соответствует картинке. За небольшие деньги подойдёт Продавец на вопросы не ответил.",1,neutral
48641,"заказ пришел.но юбка с браком.дыра на поясе по шву.конечно можно зашить,но уже печально и не приятно.",1,neutral
37658,Хорошее качество. Но не возможно отследить поставку.,1,neutral
51134,"Хз,жене понравилось,мне нет,какое то бесформенное,толстит,подмышки висят,за блестки что ли покупают",1,neutral
61859,"Имеет специфичный запах, при стирки не вымылся. В остальном все ок.",2,positive
81422,Хорошие!!!!,2,positive
63786,"заказываю во второй раз. Качество не плохое, но сыпется. Спасибо",2,positive
62391,"Идеальное платье!Спасибо продавцу! сшито на отлично,сидит как влитое!",2,positive
70077,"до Новосиба заказ дошел меньше, чем за месяц. Синтетика. Брала дочери на ОГ 84, села замечательно. Практически не мнется и хорошо гладится",2,positive
43173,Легинсы тонкие и маленькие xl на 46 размер,1,neutral
20585,"Заказала платье с ремнем! Платье пришло, а ремень отсутвует. Так что я очень разачерована. Я ведь платила и за платье и за ремень. Вобщем вот так вот вышло.",0,negative
42061,"Тонкие. Пришли какие то потертые, как будто не прокрас. Правильно написано старинные. Размер подошел. на 48 рус. 2XL. Цена дороговата.",1,neutral
40123,не рекомендую. не стоит тех денег. 100 руб ему цена. пошив отвратительный.,1,neutral
47197,"После оформления заказа, продавец сообщил, что товара ещё нет, сообщил номер отслеживания от другого товара, на самом деле отправил только через три недели, хоть и отвечает на вопросы, но диалога не получилось. В результате даже интерес к покупке пропал.",1,neutral
75473,"качество отличное, всё бусинки на месте. я довольна, но немного жмет ( На свой 42-44 брала L. думаю можно было бы и больше взять.",2,positive
66438,"Вот реально, я готова скупить все рубашки у этого продавца!!! В моей коллекции уже четвёртая. Восторг! Офигенного качества за копейки!!! До Москвы заказ шёл 25 дней.",2,positive
21138,"Ну что ж, получила я свой заказ как раз перед новым годом. Сначала о плюсах: действительно очень толстый, объемный материал, нижнее белье можно любое и даже колготки толстые, - ничего не заметно! рукава ближе к 3/4, для меня это тоже плюс. Никакого запаха. Теперь О МИНУСЕ: платье реглан, так вот с одной стороны оно просто не зашито!!! Для продавца такого уровня считаю это просто не солидным!!! Ну и ниточки, ниточки...",0,negative
77213,"замечательная блузка, все как в описании. Нитки не точат, качественно сшита, спасибо! Размер М для моего 44 маловат.",2,positive
31948,"Задумка неплохая, сидит хорошо. Брала под беременный животик. Ткань легенькая, НО!!!! Качество пошива отвратительное, края ткани не обработаны, все держится на соплях! За это три звезды. Придется доделывать. Доработайте!!! Цвет темнее,чем на фото.",1,neutral
82770,"футболка отличная , соответствует своиму размеру , подойдет для носки дома хотя ткань приличная , можно в Тае одеть на пляж, на завтрак",2,positive
35734,"Взяла S, размер чуть большеват .Отстирваается не очень хорошо .Не советую",1,neutral
59658,"Нормальная рубашка, стоит своих денег",2,positive
43609,"ставлю 3 звезды за то ,что продавец очень долгое время игнорировал мои сообщения и не понравилось,что на кофте по швам видны сильно нитки ,мой размер 44 на 46 сидит свободно ,рукава длинные ,она тянется и больше меня человек влезет ,кофта понравилась",1,neutral
75333,"На размер 44-46 заказывала размер L. Подошло идеально,качество хорошее.",2,positive
13794,"Товар не пришел, продавец его не отправлял, товар не отслеживался, продавец постоянно врал что товар вот вот придет, но товар так и не пришел! Продавец перестал общаться! деньги тоже не вернули!!! Рекомендую с продавцом не связываться и ему не верить!",0,negative
